brand_code,brand_name,brand_slug
BR000001,OKAMOTO,okamoto
BR000002,SAGAMI,sagami
BR000003,SAFEFIT,safefit
BR000004,Durex,durex
BR000005,OK,ok
BR000006,Phương Y Nam,phuong-y-nam
BR000007,KAMIGAN,kamigan
BR000008,KAMIZOL,kamizol
BR000009,Nunest,nunest
BR000010,Datino,datino
BR000011,KAMI ION,kami-ion
BR000012,Ladophar,ladophar
BR000013,Royal Honey,royal-honey
BR000014,Greenbird,greenbird
BR000015,DÂN KHANG,dan-khang
BR000016,Honimore,honimore
BR000017,Hongsamjin,hongsamjin
BR000018,Vinacare Pharma,vinacare-pharma
BR000019,EQUAL,equal
BR000020,Biok,biok
BR000021,Kolmar,kolmar
BR000022,MIELE,miele
BR000023,KAMI TEA,kami-tea
BR000024,Brands,brands
BR000025,SAYTAUXE,saytauxe
BR000026,Honeyland,honeyland
BR000027,Tropicana,tropicana
BR000028,Kruger,kruger
BR000029,MEGA We care,mega-we-care
BR000030,Pocari Sweat,pocari-sweat
BR000031,Ricola,ricola
BR000032,Domesco,domesco
BR000033,Himalaya,himalaya
BR000034,Playmore,playmore
BR000035,MYBACIN,mybacin
BR000036,Thiên Nhiên Việt,thien-nhien-viet
BR000037,Vietnat,vietnat
BR000038,Pulmoll,pulmoll
BR000039,Cumberland Packing Corp,cumberland-packing-corp
BR000040,Nam Dược,nam-duoc
BR000041,Fisher's Friend,fishers-friend
BR000042,KamiCARE,kamicare
BR000043,Bayer,bayer
BR000044,Sofy,sofy
BR000045,Kao,kao
BR000046,Unicharm,unicharm
BR000047,Diana,diana
BR000048,Jomi,jomi
BR000049,Niva,niva
BR000050,Silcot,silcot
BR000051,Caryn,caryn
BR000052,Johnson & Johnson,johnson-and-johnson
BR000053,Kotex,kotex
BR000054,PEARLIE WHITE,pearlie-white
BR000055,Fujiwa,fujiwa
BR000056,MASHIRO,mashiro
BR000057,GUM,gum
BR000058,Lipzo,lipzo
BR000059,Oral-B,oral-b
BR000060,HALIO,halio
BR000061,Kin,kin
BR000062,Vĩnh Phúc,vinh-phuc
BR000063,Hoa Linh,hoa-linh
BR000064,Okamura,okamura
BR000065,Sensodyne,sensodyne
BR000066,Listerine,listerine
BR000067,DR.MUỐI,drmuoi
BR000068,ORA2,ora2
BR000069,Sao Thái Dương,sao-thai-duong
BR000070,OLA PAPI,ola-papi
BR000071,Thảo Nguyên,thao-nguyen
BR000072,Remos,remos
BR000073,Soffell,soffell
BR000074,Grace,grace
BR000075,Let-green,let-green
BR000076,Living,living
BR000077,Veet,veet
BR000078,Gillette,gillette
BR000079,PAX MOLY,pax-moly
BR000080,SVR,svr
BR000081,ON: THE BODY,on-the-body
BR000082,JM SOLUTION,jm-solution
BR000083,Rosette,rosette
BR000084,HATOMUGI,hatomugi
BR000085,NEOTHERA,neothera
BR000086,Transino,transino
BR000087,Cocoon,cocoon
BR000088,DECUMAR,decumar
BR000089,Hoa Thiên Phú,hoa-thien-phu
BR000090,TEENILICIOUS,teenilicious
BR000091,Fixderma,fixderma
BR000092,CARE:NEL,carenel
BR000093,Banobagi,banobagi
BR000094,Nhãn khác,nhan-khac
BR000095,OMI,omi
BR000096,Uriage,uriage
BR000097,KOSE,kose
BR000098,Cetaphil,cetaphil
BR000099,ACTIDEM,actidem
BR000100,Cerave,cerave
BR000101,Loreal,loreal
BR000102,Acnes,acnes
BR000103,FARMONA,farmona
BR000104,Sunplay,sunplay
BR000105,Bioderma,bioderma
BR000106,Laroche posay,laroche-posay
BR000107,ISIS PHARMA,isis-pharma
BR000108,Sifarma,sifarma
BR000109,Eucerin,eucerin
BR000110,Garnier,garnier
BR000111,Vichy,vichy
BR000112,Jean D’Arcel,jean-darcel
BR000113,Avène,avene
BR000114,Ducray,ducray
BR000115,Ziaja,ziaja
BR000116,Banana Boat,banana-boat
BR000117,ANESSA,anessa
BR000118,Acne-Aid,acne-aid
BR000119,Rohto,rohto
BR000120,Physiogel,physiogel
BR000121,Sachi,sachi
BR000122,PURE,pure
BR000123,DAILY LADY,daily-lady
BR000124,DR.CICCARELLI,drciccarelli
BR000125,Saforelle,saforelle
BR000126,COBOTE,cobote
BR000127,BIMUNICA,bimunica
BR000128,SUMELY,sumely
BR000129,Neo Acnes,neo-acnes
BR000130,Fobelife,fobelife
BR000131,Natural Feminine,natural-feminine
BR000132,LANCOPHARM,lancopharm
BR000133,Terrapharm,terrapharm
BR000134,Agimexpharm,agimexpharm
BR000135,ETIAXIL,etiaxil
BR000136,Church & Dwight,church-and-dwight
BR000137,La Beauty,la-beauty
BR000138,Crevil,crevil
BR000139,Aflofarm,aflofarm
BR000140,Kutieskin,kutieskin
BR000141,Mệ Đoan,me-doan
BR000142,BX HIRO,bx-hiro
BR000143,SKLEER,skleer
BR000144,BIMEX,bimex
BR000145,Starbalm,starbalm
BR000146,GREEN TRIBU,green-tribu
BR000147,Medbolide,medbolide
BR000148,KINGLUUB,kingluub
BR000149,Corine De Farme,corine-de-farme
BR000150,MUSTELA,mustela
BR000151,ALOINS,aloins
BR000152,Sebamed,sebamed
BR000153,DuLàc,dulac
BR000154,Deonatulle,deonatulle
BR000155,VINAPHARMA,vinapharma
BR000156,PHARMACARE LABORATORIES,pharmacare-laboratories
BR000157,REDWIN,redwin
BR000158,Natureplex,natureplex
BR000159,Pharmedic,pharmedic
BR000160,PURE PAW PAW,pure-paw-paw
BR000161,ASAN C&S,asan-cands
BR000162,Lactacyd,lactacyd
BR000163,Sudocrem,sudocrem
BR000164,Traphaco,traphaco
BR000165,Opc,opc
BR000166,Thái Minh,thai-minh
BR000167,Nivea,nivea
BR000168,Shema,shema
BR000169,LATOPIC,latopic
BR000170,DYNIK,dynik
BR000171,Dr.EA,drea
BR000172,Nam Hà,nam-ha
BR000173,Biore,biore
BR000174,Ceradan,ceradan
BR000175,Biomed,biomed
BR000176,Aquaselin,aquaselin
BR000177,Norinse,norinse
BR000178,Lana,lana
BR000179,A-DERMA,a-derma
BR000180,Bridge Healthcare,bridge-healthcare
BR000181,Bio-Oil,bio-oil
BR000182,HERBE,herbe
BR000183,Vinh Gia,vinh-gia
BR000184,Perfecta Pharmacy,perfecta-pharmacy
BR000185,Hyphens,hyphens
BR000186,HOLLISTER,hollister
BR000187,Quang Xanh,quang-xanh
BR000188,Ekuberg Pharma,ekuberg-pharma
BR000189,CVI Pharma,cvi-pharma
BR000190,AVEENO,aveeno
BR000191,Senka,senka
BR000192,BIOTRADE,biotrade
BR000193,YOUNG CHEMICAL,young-chemical
BR000194,NEOSKIN,neoskin
BR000195,K3,k3
BR000196,NeoAqua,neoaqua
BR000197,ABENA,abena
BR000198,Menarini,menarini
BR000199,Đại Bắc,dai-bac
BR000200,Nacurgo,nacurgo
BR000201,Âu cơ,au-co
BR000202,Tanida,tanida
BR000203,Medinova,medinova
BR000204,ATOPALM,atopalm
BR000205,Stratpharma,stratpharma
BR000206,Yoosun,yoosun
BR000207,Rejuvaskin,rejuvaskin
BR000208,HIRUSCAR,hiruscar
BR000209,COSMETIC LABORATORIES,cosmetic-laboratories
BR000210,SPAPHAR,spaphar
BR000211,LAVOX,lavox
BR000212,Haircare,haircare
BR000213,NBIYAN,nbiyan
BR000214,YANAGIYA,yanagiya
BR000215,Nguyên Xuân,nguyen-xuan
BR000216,RIHAIR,rihair
BR000217,Radical,radical
BR000218,MEDIMAR,medimar
BR000219,Matrix,matrix
BR000220,Rebirth,rebirth
BR000221,Vaseline,vaseline
BR000222,MEDICLEEN,medicleen
BR000223,Nazorel,nazorel
BR000224,HGSG PHARMA,hgsg-pharma
BR000225,Otosan,otosan
BR000226,VOLTOGEL,voltogel
BR000227,Eagle,eagle
BR000228,STIPSIPEG,stipsipeg
BR000229,TOKYO PHARMA,tokyo-pharma
BR000230,PIC SOLUTION,pic-solution
BR000231,Biosantis,biosantis
BR000232,Fysoline,fysoline
BR000233,MARIAL,marial
BR000234,Indiana Ophthalmics,indiana-ophthalmics
BR000235,KLY,kly
BR000236,Nhất Phong,nhat-phong
BR000237,Derma Angel,derma-angel
BR000238,PRO CREAM,pro-cream
BR000239,Alliance,alliance
BR000240,OMRON,omron
BR000241,Urgo,urgo
BR000242,Cát Linh,cat-linh
BR000243,Wellcare,wellcare
BR000244,MIDKID,midkid
BR000245,YH Medical,yh-medical
BR000246,Yuwell,yuwell
BR000247,FUJI,fuji
BR000248,Duy Thành,duy-thanh
BR000249,Biohealth,biohealth
BR000250,CAREFINE,carefine
BR000251,Bà Giằng,ba-giang
BR000252,Microlife,microlife
BR000253,HARTINGTON,hartington
BR000254,Beucup,beucup
BR000255,PANGAO,pangao
BR000256,1LIFE,1life
BR000257,Livespo,livespo
BR000258,BEST GLOVES,best-gloves
BR000259,Trường Sơn,truong-son
BR000260,TRB Chemedica,trb-chemedica
BR000261,Buona,buona
BR000262,V.ROHTO,vrohto
BR000263,PA,pa
BR000264,XISAT,xisat
BR000265,Hanson,hanson
BR000266,GREETMED,greetmed
BR000267,VINAHANKOOK,vinahankook
BR000268,PT Medical,pt-medical
BR000269,Lạc Việt,lac-viet
BR000270,Đông Pha,dong-pha
BR000271,TOÀN ĐỨC,toan-duc
BR000272,VGLOVE,vglove
BR000273,VH PHARMA,vh-pharma
BR000274,Baifem,baifem
BR000275,MediUSA,mediusa
BR000276,Laboratoire Polidis,laboratoire-polidis
BR000277,Sodermix,sodermix
BR000278,Asap,asap
BR000279,Ích nhân,ich-nhan
BR000280,Maxell,maxell
BR000281,FUJITSU,fujitsu
BR000282,Merap,merap
BR000283,Santen,santen
BR000284,Merufa,merufa
BR000285,B.Braun,bbraun
BR000286,ORBE,orbe
BR000287,Electro Bismed,electro-bismed
BR000288,Thiên Thanh,thien-thanh
BR000289,An Phú,an-phu
BR000290,CHÂU NGỌC THẠCH,chau-ngoc-thach
BR000291,MEDVIE,medvie
BR000292,LadyBalance APS,ladybalance-aps
BR000293,PROCARE,procare
BR000294,Hóa Dược,hoa-duoc
BR000295,Armephaco,armephaco
BR000296,Đức Cường,duc-cuong
BR000297,Gia Hưng,gia-hung
BR000298,Olumba,olumba
BR000299,VIỆT SINH PHARMA,viet-sinh-pharma
BR000300,TÂN HIẾU,tan-hieu
BR000301,COC Farmaceutici,coc-farmaceutici
BR000302,Viraleze,viraleze
BR000303,SINTRUE PT,sintrue-pt
BR000304,NEILMED,neilmed
BR000305,Hemoclin,hemoclin
BR000306,Rinorin,rinorin
BR000307,Lamed,lamed
BR000308,Linkfar,linkfar
BR000309,Công ty CP trang thiết bị Kỹ thuật y tế TP.HCM,cong-ty-cp-trang-thiet-bi-ky-thuat-y-te-tphcm
BR000310,Accu-Chek,accu-chek
BR000311,Becton,becton
BR000312,Duomed,duomed
BR000313,Great World,great-world
BR000314,Kora Healthcare,kora-healthcare
BR000315,CRAB SINERGY,crab-sinergy
BR000316,BonBone,bonbone
BR000317,Onetouch,onetouch
BR000318,Super Care,super-care
BR000319,Vesta,vesta
BR000320,HOÀNG SƠN,hoang-son
BR000321,Cardinal Health,cardinal-health
BR000322,Hamico,hamico
BR000323,Tanaphar,tanaphar
BR000324,LINH HIẾU,linh-hieu
BR000325,GOOD NIGHT,good-night
BR000326,Alcon,alcon
BR000327,Medi,medi
BR000328,Allergan,allergan
BR000329,VISALINE SOFT,visaline-soft
BR000330,SONG THÀNH,song-thanh
BR000331,Nam Việt,nam-viet
BR000332,Opodis Pharma,opodis-pharma
BR000333,Mediven,mediven
BR000334,PA MEDICAL,pa-medical
BR000335,sinomarin,sinomarin
BR000336,NIPRO,nipro
BR000337,Easymax,easymax
BR000338,Humasis,humasis
BR000339,AND,and
BR000340,MEDICON,medicon
BR000341,GENESIGN,genesign
BR000342,ACON,acon
BR000343,Accu-Check,accu-check
BR000344,3P,3p
BR000345,SUGENTECH,sugentech
BR000346,OGCare,ogcare
BR000347,Aurora,aurora
BR000348,LifeScan,lifescan
BR000349,Sinocare,sinocare
BR000350,Creative Medical,creative-medical
BR000351,Jumper,jumper
BR000352,Pulse,pulse
BR000353,Beurer,beurer
BR000354,FACARE,facare
BR000355,URIGHT & FACARE,uright-and-facare
BR000356,Abbott,abbott
BR000357,CARER,carer
BR000358,FREEZEFAST,freezefast
BR000359,Hisamitsu,hisamitsu
BR000360,OVIFA,ovifa
BR000361,Lion,lion
BR000362,DR. PAPIE,dr-papie
BR000363,Gedeon,gedeon
BR000364,Quick Nurse,quick-nurse
BR000365,Hãn Huyết Linh,han-huyet-linh
BR000366,Fidia,fidia
BR000367,Farmac - Zabban,farmac-zabban
BR000368,NHỊ THIÊN ĐƯỜNG,nhi-thien-duong
BR000369,SKIN HERBAL,skin-herbal
BR000370,BLEFAVIS,blefavis
BR000371,HONG KONG ZUNG SEON,hong-kong-zung-seon
BR000372,MDTYY,mdtyy
BR000373,ĐỨC PHÚC,duc-phuc
BR000374,Milovas,milovas
BR000375,Bạch Tuyết,bach-tuyet
BR000376,Bảo Thạch,bao-thach
BR000377,QUANG MẬU,quang-mau
BR000378,ALAMECO,alameco
BR000379,Liworldco,liworldco
BR000380,Deroyal,deroyal
BR000381,DK Pharma,dk-pharma
BR000382,RUBBER&PLASTIC,rubberandplastic
BR000383,Convatec,convatec
BR000384,Benostan,benostan
BR000385,Farmigea,farmigea
BR000386,Hdpharma,hdpharma
BR000387,Epitech Group S.p.A,epitech-group-spa
BR000388,Swan Mask,swan-mask
BR000389,Dolphin Mask,dolphin-mask
BR000390,Vĩnh Tiến,vinh-tien
BR000391,Hamita,hamita
BR000392,Nam Anh,nam-anh
BR000393,VTB,vtb
BR000394,TLR,tlr
BR000395,Naturecare,naturecare
BR000396,Thiên Thủy,thien-thuy
BR000397,VPC,vpc
BR000398,Janssen,janssen
BR000399,Mekophar,mekophar
BR000400,Shinpoong Daewoo,shinpoong-daewoo
BR000401,Dhg,dhg
BR000402,Stella Pharm,stella-pharm
BR000403,Farmaprim,farmaprim
BR000404,Vcp,vcp
BR000405,An Thiên,an-thien
BR000406,Dược 3-2,duoc-3-2
BR000407,BV,bv
BR000408,Boston,boston
BR000409,Denk,denk
BR000410,Imexpharm,imexpharm
BR000411,Tenamyd,tenamyd
BR000412,Tipharco,tipharco
BR000413,Opv,opv
BR000414,Cophavina,cophavina
BR000415,Medipharco,medipharco
BR000416,Meyer,meyer
BR000417,Pharbaco,pharbaco
BR000418,Usp,usp
BR000419,Khapharco,khapharco
BR000420,Atabay,atabay
BR000421,Sandoz,sandoz
BR000422,Polfa SA Tarchomin,polfa-sa-tarchomin
BR000423,Savi,savi
BR000424,Adamed,adamed
BR000425,Stada,stada
BR000426,Vidipha,vidipha
BR000427,Pfizer,pfizer
BR000428,Pymepharco,pymepharco
BR000429,Uphace,uphace
BR000430,Sanofi,sanofi
BR000431,Dexa,dexa
BR000432,Vianex,vianex
BR000433,Gsk,gsk
BR000434,Materia,materia
BR000435,Quapharco,quapharco
BR000436,Mylan,mylan
BR000437,RV Lifesciences,rv-lifesciences
BR000438,Reliv,reliv
BR000439,ATRAL,atral
BR000440,Medisun,medisun
BR000441,Gilead,gilead
BR000442,Meiji,meiji
BR000443,Davipharm,davipharm
BR000444,Kusum,kusum
BR000445,Remedina,remedina
BR000446,Natco,natco
BR000447,Brawn,brawn
BR000448,Polpharma,polpharma
BR000449,Eloge,eloge
BR000450,Tv.Pharm,tvpharm
BR000451,GENUONE,genuone
BR000452,ZYDUS,zydus
BR000453,Herabiopharm,herabiopharm
BR000454,MEYER-BPC,meyer-bpc
BR000455,Merap Group,merap-group
BR000456,Hà Tây,ha-tay
BR000457,S.C Antibiotice,sc-antibiotice
BR000458,RIVOPHARM,rivopharm
BR000459,Mediplantex,mediplantex
BR000460,Bluepharma,bluepharma
BR000461,Mebiphar,mebiphar
BR000462,INCEPTA,incepta
BR000463,Getz,getz
BR000464,Medochemie,medochemie
BR000465,Bilim Ilac,bilim-ilac
BR000466,Minh Hải,minh-hai
BR000467,Amvi,amvi
BR000468,Jersey,jersey
BR000469,PHARIMEXCO,pharimexco
BR000470,Usa - Nic Pharma,usa-nic-pharma
BR000471,Roche,roche
BR000472,Medicore Laboratories,medicore-laboratories
BR000473,CPC1HN,cpc1hn
BR000474,Hetero,hetero
BR000475,Pharmathen S.A,pharmathen-sa
BR000476,NOBELFARMA,nobelfarma
BR000477,SANTA,santa
BR000478,Vinphaco,vinphaco
BR000479,Daiichi-Sankyo,daiichi-sankyo
BR000480,Đồng Nai,dong-nai
BR000481,Dopharma,dopharma
BR000482,Pharmavision,pharmavision
BR000483,Brushchettini,brushchettini
BR000484,Euvipharm,euvipharm
BR000485,Glenmark,glenmark
BR000486,Trust Farma,trust-farma
BR000487,Usarichpharm,usarichpharm
BR000488,Apimed,apimed
BR000489,Abbvie,abbvie
BR000490,Hasan,hasan
BR000491,Micro,micro
BR000492,Phil,phil
BR000493,Phương Đông,phuong-dong
BR000494,Đông Nam,dong-nam
BR000495,S.P.M,spm
BR000496,Quimica,quimica
BR000497,Bidiphar,bidiphar
BR000498,Maxim,maxim
BR000499,Khánh Hòa,khanh-hoa
BR000500,Dr. Reddy,dr-reddy
BR000501,SPM,spm
BR000502,Balkan Pharma,balkan-pharma
BR000503,Brv,brv
BR000504,Laboratorio Reig Jofre,laboratorio-reig-jofre
BR000505,Tw2,tw2
BR000506,Hoe Pharmaceuticals,hoe-pharmaceuticals
BR000507,Celogen Pharma,celogen-pharma
BR000508,Thành Nam,thanh-nam
BR000509,Delorbis,delorbis
BR000510,REMEDICA,remedica
BR000511,Deltapharm,deltapharm
BR000512,Akums,akums
BR000513,General Pharm,general-pharm
BR000514,Neclife,neclife
BR000515,Cadila,cadila
BR000516,REYON,reyon
BR000517,Sinil,sinil
BR000518,Acme,acme
BR000519,Bouchara,bouchara
BR000520,Korea United,korea-united
BR000521,Axcel,axcel
BR000522,Sao Kim,sao-kim
BR000523,Thephaco,thephaco
BR000524,Astra,astra
BR000525,Novartis,novartis
BR000526,Merck Sharp & Dohme,merck-sharp-and-dohme
BR000527,Benovas,benovas
BR000528,TAIHO,taiho
BR000529,AMGEN,amgen
BR000530,Astellas,astellas
BR000531,Takeda,takeda
BR000532,Ipsen,ipsen
BR000533,Sun Pharma,sun-pharma
BR000534,Boehringer,boehringer
BR000535,Lilly,lilly
BR000536,TTY BIOPHARM,tty-biopharm
BR000537,Eisai,eisai
BR000538,TRƯỜNG PHÚC,truong-phuc
BR000539,Danapha,danapha
BR000540,Natur Produkt Pharma,natur-produkt-pharma
BR000541,Dr. Willmar Schwabe,dr-willmar-schwabe
BR000542,Pierre Fabre,pierre-fabre
BR000543,MBC,mbc
BR000544,Servier,servier
BR000545,LIPA PHARMACEUTICALSLTD,lipa-pharmaceuticalsltd
BR000546,Catalent,catalent
BR000547,LES,les
BR000548,Worwag,worwag
BR000549,Hadiphar,hadiphar
BR000550,Fito,fito
BR000551,Phúc Vinh,phuc-vinh
BR000552,Tilman,tilman
BR000553,Probiotec,probiotec
BR000554,Unipharma,unipharma
BR000555,Vạn Xuân,van-xuan
BR000556,Phúc Hưng,phuc-hung
BR000557,ARISTOPHARMA,aristopharma
BR000558,Nhất Nhất,nhat-nhat
BR000559,Daewoong,daewoong
BR000560,Hanbul Pharm,hanbul-pharm
BR000561,Bảo Long,bao-long
BR000562,Pharvis,pharvis
BR000563,CHO-A,cho-a
BR000564,Egis Pharma,egis-pharma
BR000565,Trường Thọ Pharma,truong-tho-pharma
BR000566,Eurolife,eurolife
BR000567,Krka,krka
BR000568,Organon,organon
BR000569,United,united
BR000570,Korea Prime Pharma,korea-prime-pharma
BR000571,Ferrer,ferrer
BR000572,Troikaa,troikaa
BR000573,Innothera,innothera
BR000574,Torrent,torrent
BR000575,VIATRIS,viatris
BR000576,Fresenius Kabi,fresenius-kabi
BR000577,Sai Mirra Innopharm,sai-mirra-innopharm
BR000578,Tasly,tasly
BR000579,ATLANTIC,atlantic
BR000580,KPC Pharma,kpc-pharma
BR000581,TOPRIDGE,topridge
BR000582,BIOFARM,biofarm
BR000583,Farmak,farmak
BR000584,DRP,drp
BR000585,Wealphar,wealphar
BR000586,HELCOR,helcor
BR000587,KOWA,kowa
BR000588,USV,usv
BR000589,DASAN,dasan
BR000590,G. D.,g-d
BR000591,Italfarmaco,italfarmaco
BR000592,Orient Pharma,orient-pharma
BR000593,Gracure,gracure
BR000594,Minh Dân,minh-dan
BR000595,Công ty cổ phần dược phẩm Hà Nam,cong-ty-co-phan-duoc-pham-ha-nam
BR000596,CMPS,cmps
BR000597,BILIM PHARMACEUTICALS,bilim-pharmaceuticals
BR000598,Tanabe,tanabe
BR000599,ATNAHS,atnahs
BR000600,Recordati,recordati
BR000601,Polfa Pabiance,polfa-pabiance
BR000602,Otsuka,otsuka
BR000603,Standard Chem & Pharm,standard-chem-and-pharm
BR000604,Laboratoires Tonipharm,laboratoires-tonipharm
BR000605,S.C. Arena Group S.A,sc-arena-group-sa
BR000606,EA Pharma,ea-pharma
BR000607,IND Swift,ind-swift
BR000608,RPG,rpg
BR000609,Atra,atra
BR000610,FARKMAK,farkmak
BR000611,Efroze,efroze
BR000612,Vacopharm,vacopharm
BR000613,Ampharco,ampharco
BR000614,Shijiazhuang Yiling,shijiazhuang-yiling
BR000615,Square,square
BR000616,ANVO,anvo
BR000617,Theon Pharmaceuticals,theon-pharmaceuticals
BR000618,Bal Pharma,bal-pharma
BR000619,KERN,kern
BR000620,Medley Pharma,medley-pharma
BR000621,ENLIE PHARMA,enlie-pharma
BR000622,Vellpharm,vellpharm
BR000623,Nadyphar,nadyphar
BR000624,ONE PHARMA,one-pharma
BR000625,PHAPHARCO,phapharco
BR000626,Bình Thuận,binh-thuan
BR000627,Hà Nam,ha-nam
BR000628,Aprogen,aprogen
BR000629,INNO.N,innon
BR000630,Deva Holding,deva-holding
BR000631,Magistra C&C,magistra-candc
BR000632,Actavis,actavis
BR000633,RESANTIS,resantis
BR000634,KALBE,kalbe
BR000635,Polfarmex,polfarmex
BR000636,Roussel,roussel
BR000637,Rusan Pharma,rusan-pharma
BR000638,Tw3,tw3
BR000639,Korean Drug,korean-drug
BR000640,PHARMATHEN,pharmathen
BR000641,Axon,axon
BR000642,Sopharma,sopharma
BR000643,Moleac,moleac
BR000644,Global Pharma,global-pharma
BR000645,EVERTOGEN,evertogen
BR000646,Agio,agio
BR000647,Lesvi,lesvi
BR000648,LEO,leo
BR000649,Inventia,inventia
BR000650,MSN,msn
BR000651,Pharmascience,pharmascience
BR000652,Extra,extra
BR000653,Reliance,reliance
BR000654,Niche Generics,niche-generics
BR000655,Khang Minh,khang-minh
BR000656,Zim Laboratories,zim-laboratories
BR000657,Biopharm,biopharm
BR000658,Trenker,trenker
BR000659,MSD,msd
BR000660,ASSOPHARMA,assopharma
BR000661,Shine Pharma,shine-pharma
BR000662,Aurobindo,aurobindo
BR000663,Medica Korea,medica-korea
BR000664,Troikka,troikka
BR000665,Hải Dương,hai-duong
BR000666,Dongkoo,dongkoo
BR000667,Arlico,arlico
BR000668,LIFESCIENS,lifesciens
BR000669,Biocodex,biocodex
BR000670,Solupharm,solupharm
BR000671,HQ PHARMA,hq-pharma
BR000672,CHEMIPHARMA,chemipharma
BR000673,Allegens,allegens
BR000674,Enlie,enlie
BR000675,Davi,davi
BR000676,Dragenopharm,dragenopharm
BR000677,Umedica,umedica
BR000678,Softgel Healthcare,softgel-healthcare
BR000679,MERACINE,meracine
BR000680,Genepharm,genepharm
BR000681,JUBILANT,jubilant
BR000682,NOUCOR HEALTH,noucor-health
BR000683,Donaipharm,donaipharm
BR000684,Korea Pharma,korea-pharma
BR000685,Union Korea Pharm,union-korea-pharm
BR000686,Medlac Pharma,medlac-pharma
BR000687,Glomed,glomed
BR000688,Nexpharm,nexpharm
BR000689,VERISFIELD,verisfield
BR000690,Kyung Dong,kyung-dong
BR000691,BCWORLD,bcworld
BR000692,Kwality Pharmaceutical,kwality-pharmaceutical
BR000693,Nghệ An Pharma,nghe-an-pharma
BR000694,US Pharma,us-pharma
BR000695,Reckitt Benckiser,reckitt-benckiser
BR000696,Yuhan,yuhan
BR000697,aconitum,aconitum
BR000698,PT Konimex,pt-konimex
BR000699,Davac,davac
BR000700,PH,ph
BR000701,RX,rx
BR000702,Minskintercaps,minskintercaps
BR000703,Phil Inter,phil-inter
BR000704,Biopharco,biopharco
BR000705,Normon,normon
BR000706,TP Pharm,tp-pharm
BR000707,Abipha,abipha
BR000708,YSP,ysp
BR000709,Laboratoires Grimberg,laboratoires-grimberg
BR000710,ADARE,adare
BR000711,IL-YANG PHARM,il-yang-pharm
BR000712,Thai Nakorn Patana,thai-nakorn-patana
BR000713,Fourrts,fourrts
BR000714,Biotec,biotec
BR000715,Hanoi Pharma,hanoi-pharma
BR000716,FYNK,fynk
BR000717,Daewon,daewon
BR000718,Searle,searle
BR000719,Opella,opella
BR000720,Hoàng Thành,hoang-thanh
BR000721,ROSA PHYTO PHARMA,rosa-phyto-pharma
BR000722,C.B.Fleet,cbfleet
BR000723,Phyto,phyto
BR000724,Gmp,gmp
BR000725,Globe,globe
BR000726,23-9 Pharmaceutical,23-9-pharmaceutical
BR000727,Sagopha,sagopha
BR000728,Schnell,schnell
BR000729,Haikou,haikou
BR000730,Mayoly Spindler,mayoly-spindler
BR000731,Laboratorios Liconsa,laboratorios-liconsa
BR000732,Raptakos,raptakos
BR000733,Cipla,cipla
BR000734,Advance Pharma GmbH,advance-pharma-gmbh
BR000735,ABC Farmaceutici,abc-farmaceutici
BR000736,Farmalabor Produtos,farmalabor-produtos
BR000737,Grindex,grindex
BR000738,Foripharm,foripharm
BR000739,Ferring,ferring
BR000740,Sterling Healthcare,sterling-healthcare
BR000741,TAIGUK PHARM,taiguk-pharm
BR000742,Casasco S.A.I.C,casasco-saic
BR000743,Flamingo,flamingo
BR000744,Lupin,lupin
BR000745,Merz,merz
BR000746,PRO.MED.CS,promedcs
BR000747,Hamedi,hamedi
BR000748,INBIOTECH,inbiotech
BR000749,SWISS PHARMA,swiss-pharma
BR000750,Chiesi,chiesi
BR000751,Saga Laboratories,saga-laboratories
BR000752,Bosch,bosch
BR000753,Madras Pharm,madras-pharm
BR000754,Valpharma,valpharma
BR000755,Mepro,mepro
BR000756,Bio,bio
BR000757,Liviat,liviat
BR000758,IND-SWIFT,ind-swift
BR000759,Akriti,akriti
BR000760,Novell Pharma,novell-pharma
BR000761,Hutecs,hutecs
BR000762,Yeva Therapeutics,yeva-therapeutics
BR000763,Bharat,bharat
BR000764,Biopharma,biopharma
BR000765,Aurochem pharma,aurochem-pharma
BR000766,Theragen Etex,theragen-etex
BR000767,Lainco,lainco
BR000768,Paradigm,paradigm
BR000769,XL Laboratories,xl-laboratories
BR000770,Istituto Biochimico Italiano,istituto-biochimico-italiano
BR000771,YooYoung,yooyoung
BR000772,Synmedic,synmedic
BR000773,JS PHARM,js-pharm
BR000774,Withus,withus
BR000775,Madaus,madaus
BR000776,Khahopharma,khahopharma
BR000777,Baroque Pharmaceuticals,baroque-pharmaceuticals
BR000778,Fourdiphar,fourdiphar
BR000779,Nova Argentia,nova-argentia
BR000780,Việt Phúc,viet-phuc
BR000781,Fataco,fataco
BR000782,S.PHARM,spharm
BR000783,Betadine,betadine
BR000784,Engelhard,engelhard
BR000785,Detapham,detapham
BR000786,Olic,olic
BR000787,Yash Medicare,yash-medicare
BR000788,Gia Nguyễn,gia-nguyen
BR000789,EDOL,edol
BR000790,S Kant,s-kant
BR000791,Farmalabor,farmalabor
BR000792,JNTL CONSUMER HEALTH,jntl-consumer-health
BR000793,Bảo Phương,bao-phuong
BR000794,Kotra Pharma,kotra-pharma
BR000795,Mipharmco,mipharmco
BR000796,Quang Minh,quang-minh
BR000797,DongKwang,dongkwang
BR000798,Unique Pharma,unique-pharma
BR000799,Jelfa,jelfa
BR000800,Satyam,satyam
BR000801,Galderma,galderma
BR000802,Replek Farm,replek-farm
BR000803,Laboratoires Chemineau,laboratoires-chemineau
BR000804,M/s Bio Labs,ms-bio-labs
BR000805,Besins,besins
BR000806,Daehwa,daehwa
BR000807,BERKO,berko
BR000808,ĐÔNG DƯỢC 408,dong-duoc-408
BR000809,Atco,atco
BR000810,Nang Kuang,nang-kuang
BR000811,PT Tempo Scan Pacific,pt-tempo-scan-pacific
BR000812,Samil,samil
BR000813,SPHARM,spharm
BR000814,MYUNG-IN PHARM,myung-in-pharm
BR000815,An Triệu,an-trieu
BR000816,Bảo Linh,bao-linh
BR000817,TATRA,tatra
BR000818,Bertram,bertram
BR000819,Borden,borden
BR000820,Haw Par,haw-par
BR000821,Jeil Pharm,jeil-pharm
BR000822,Kim Đan,kim-dan
BR000823,Kim Long,kim-long
BR000824,Rottapharm,rottapharm
BR000825,Desma,desma
BR000826,Pharmanel,pharmanel
BR000827,Joint,joint
BR000828,Aus Biopharm,aus-biopharm
BR000829,PINEWOOD,pinewood
BR000830,Olive Healthcare,olive-healthcare
BR000831,KMS Pharm,kms-pharm
BR000832,Guju pharm,guju-pharm
BR000833,Young Poong,young-poong
BR000834,Frosst Iberica,frosst-iberica
BR000835,Prime Pharma,prime-pharma
BR000836,Upsa Sas,upsa-sas
BR000837,Y-MED,y-med
BR000838,Allomed,allomed
BR000839,GENUPHARMA,genupharma
BR000840,Eskayef,eskayef
BR000841,Galeniques Vernin,galeniques-vernin
BR000842,Favorex,favorex
BR000843,Gonsa,gonsa
BR000844,Schazoo SPL,schazoo-spl
BR000845,Đức Thịnh,duc-thinh
BR000846,Tablets,tablets
BR000847,HONGJITANG,hongjitang
BR000848,Biomedica,biomedica
BR000849,Emcure,emcure
BR000850,OM Pharma,om-pharma
BR000851,Mộc Hoa Tràm,moc-hoa-tram
BR000852,VIAN,vian
BR000853,AENOVA,aenova
BR000854,Bepharco,bepharco
BR000855,Yan'an,yanan
BR000856,HANKOOK,hankook
BR000857,Austin Pharm,austin-pharm
BR000858,Dongsung,dongsung
BR000859,SMB Technology S.A,smb-technology-sa
BR000860,EBEWE,ebewe
BR000861,Baxter,baxter
BR000862,Suheung,suheung
BR000863,Belmed,belmed
BR000864,HALEON,haleon
BR000865,OP Pharma,op-pharma
BR000866,PV,pv
BR000867,ALPEX PHARMA,alpex-pharma
BR000868,Unison,unison
BR000869,Farma Glow,farma-glow
BR000870,Merarini,merarini
BR000871,Gebro,gebro
BR000872,Binex,binex
BR000873,Sosepharm,sosepharm
BR000874,Phong Phú,phong-phu
BR000875,Jin Yang Pharm,jin-yang-pharm
BR000876,HELP,help
BR000877,TO Chemicals,to-chemicals
BR000878,Lacer,lacer
BR000879,Daehan,daehan
BR000880,JRP,jrp
BR000881,Yên Bái,yen-bai
BR000882,Zambon,zambon
BR000883,Laboratorios Vitoria,laboratorios-vitoria
BR000884,Hexal,hexal
BR000885,Ajanta,ajanta
BR000886,Aesica,aesica
BR000887,Dược Cửu Long QK9,duoc-cuu-long-qk9
BR000888,"PJSC Sic ""Borshchahivskiy CPP""",pjsc-sic-borshchahivskiy-cpp
BR000889,OU Vitale-XD,ou-vitale-xd
BR000890,Ahngook,ahngook
BR000891,Anfarm,anfarm
BR000892,Samchundang Pharm,samchundang-pharm
BR000893,Hanlim,hanlim
BR000894,Cachetpharm,cachetpharm
BR000895,NATURE Pharma,nature-pharma
BR000896,Recalcine,recalcine
BR000897,Biodeal,biodeal
BR000898,TW25,tw25
BR000899,Bausch & Lomb,bausch-and-lomb
BR000900,Haipharco,haipharco
BR000901,McNeil,mcneil
BR000902,Ica,ica
BR000903,F.T.Pharma,ftpharma
BR000904,Drogsan,drogsan
BR000905,Makcur,makcur
BR000906,Senju Pharm,senju-pharm
BR000907,Tw1,tw1
BR000908,Tâm Lan,tam-lan
BR000909,Laboratoires Chauvin,laboratoires-chauvin
BR000910,sava,sava
BR000911,Rafarm,rafarm
BR000912,REMINGTON,remington
BR000913,Balu,balu
BR000914,Viện Dược Liệu,vien-duoc-lieu
BR000915,Daewoo,daewoo
BR000916,AY PHARMACEUTICALS,ay-pharmaceuticals
BR000917,EVER Neuro Pharma,ever-neuro-pharma
BR000918,Siu Guan Chem,siu-guan-chem
BR000919,POLYSAN,polysan
BR000920,Novo Nordisk,novo-nordisk
BR000921,MG,mg
BR000922,KPC,kpc
BR000923,Jw Pharmaceutical,jw-pharmaceutical
BR000924,Nanogen,nanogen
BR000925,Biotest,biotest
BR000926,PanPharma,panpharma
BR000927,INFORLIFE,inforlife
BR000928,Euro-Med,euro-med
BR000929,ACULIFE,aculife
BR000930,Grifols,grifols
BR000931,Laboratoire Aguettant,laboratoire-aguettant
BR000932,Baxalta,baxalta
BR000933,Venus Charge,venus-charge
BR000934,TB,tb
BR000935,Exeltis,exeltis
BR000936,Rowa,rowa
BR000937,Hồng Phúc,hong-phuc
BR000938,Babiophar,babiophar
BR000939,Pharco,pharco
BR000940,STALLION,stallion
BR000941,Becamex,becamex
BR000942,Chouzy,chouzy
BR000943,Elea,elea
BR000944,LTD FARMAPRIM,ltd-farmaprim
BR000945,Thiên Dược,thien-duoc
BR000946,Ajinomoto,ajinomoto
BR000947,ALFASIGMA,alfasigma
BR000948,T.Man Pharma,tman-pharma
BR000949,ICA Pharm,ica-pharm
BR000950,Quảng Ninh,quang-ninh
BR000951,Gelnova,gelnova
BR000952,FREMED,fremed
BR000953,YPHARCO,ypharco
BR000954,Leon Pharma,leon-pharma
BR000955,Gramón Bagó,gramon-bago
BR000956,Nobel,nobel
BR000957,Fulton,fulton
BR000958,HBN Pharmar,hbn-pharmar
BR000959,VILLA-VILLA,villa-villa
BR000960,TAISHO,taisho
BR000961,Ccl Pharmaceuticals,ccl-pharmaceuticals
BR000962,Bioton,bioton
BR000963,Berlin,berlin
BR000964,Famar,famar
BR000965,DAO Nordic Health,dao-nordic-health
BR000966,NUTRIMED,nutrimed
BR000967,EASYLIFE,easylife
BR000968,Kingphar,kingphar
BR000969,KENKO,kenko
BR000970,OMEXXEL,omexxel
BR000971,NEW NORDIC,new-nordic
BR000972,Brauer,brauer
BR000973,KUDOS,kudos
BR000974,Vitamins For Life,vitamins-for-life
BR000975,GINIC,ginic
BR000976,Jpanwell,jpanwell
BR000977,Lab Well,lab-well
BR000978,Nature's Bounty,natures-bounty
BR000979,proMUM,promum
BR000980,PENTAVITE,pentavite
BR000981,TC Pharma,tc-pharma
BR000982,Hatro,hatro
BR000983,Pharmekal,pharmekal
BR000984,Morningkids,morningkids
BR000985,ERGOPHARMA,ergopharma
BR000986,U.G.A. Nutraceuticals,uga-nutraceuticals
BR000987,Aplicaps by clover,aplicaps-by-clover
BR000988,Vitabiotics,vitabiotics
BR000989,DHC,dhc
BR000990,GOD HEALTH,god-health
BR000991,NP Pharma,np-pharma
BR000992,Vitatree,vitatree
BR000993,Nature's way,natures-way
BR000994,QUATREFOLIC,quatrefolic
BR000995,VALENS,valens
BR000996,ORIHIRO,orihiro
BR000997,BIOAMICUS,bioamicus
BR000998,FITOBIMBI,fitobimbi
BR000999,Blackmores,blackmores
BR001000,Good Health,good-health
BR001001,Doppelherz,doppelherz
BR001002,Optimax,optimax
BR001003,Thành Công,thanh-cong
BR001004,Pharma World,pharma-world
BR001005,BIOCHEMPHA,biochempha
BR001006,Arnet Pharmaceutical,arnet-pharmaceutical
BR001007,GRICAR,gricar
BR001008,Tenken,tenken
BR001009,Pediakid,pediakid
BR001010,Tracybee,tracybee
BR001011,Tuệ Linh,tue-linh
BR001012,Pleuran,pleuran
BR001013,Dietopack,dietopack
BR001014,HLH BIOPHARMA,hlh-biopharma
BR001015,Dolexphar,dolexphar
BR001016,Nature's Supplements,natures-supplements
BR001017,OCAVILL,ocavill
BR001018,KenKan,kenkan
BR001019,CEVRAI,cevrai
BR001020,OPTIBAC PROBIOTICS,optibac-probiotics
BR001021,Ecogreen,ecogreen
BR001022,Á Âu,a-au
BR001023,EMMATS,emmats
BR001024,Trung Mỹ,trung-my
BR001025,SWISSE,swisse
BR001026,Hải Thượng Vương,hai-thuong-vuong
BR001027,Soki,soki
BR001028,BIFINA,bifina
BR001029,GINKID,ginkid
BR001030,Novarex,novarex
BR001031,Tâm Bình,tam-binh
BR001032,Biogaia,biogaia
BR001033,Chong Kun Dang,chong-kun-dang
BR001034,ENZYMAX,enzymax
BR001035,Đỗ Gia,do-gia
BR001036,IAP,iap
BR001037,Health Aid,health-aid
BR001038,Tất Thành,tat-thanh
BR001039,Royal Care,royal-care
BR001040,VKENKO,vkenko
BR001041,NPJ,npj
BR001042,NORDIC NATURALS,nordic-naturals
BR001043,Botafarma,botafarma
BR001044,Đông Tây,dong-tay
BR001045,Ever pharma,ever-pharma
BR001046,HTP,htp
BR001047,ELASTEN,elasten
BR001048,LÁBEBÉ,labebe
BR001049,Probio,probio
BR001050,Nin Jiom Pei Pa Koa,nin-jiom-pei-pa-koa
BR001051,Bình Đông,binh-dong
BR001052,IMC,imc
BR001053,Gia An,gia-an
BR001054,OSTELIN,ostelin
BR001055,FOBIC,fobic
BR001056,NAVI,navi
BR001057,Á Châu,a-chau
BR001058,Enesis,enesis
BR001059,NUTIFOOD,nutifood
BR001060,Anlene,anlene
BR001061,VITADAIRY,vitadairy
BR001062,Nestlé,nestle
BR001063,Appeton,appeton
BR001064,Glico,glico
